company,owner,owner_title,email,owner_linkedin,company_linkedin,phone,website,location,source
Pe 101,Joan Teige,Founder & Owner,pe101aspen@gmail.com,,,+19709259317,http://www.pe101aspen.com,"Aspen, CO",yellowpages
Oliver Smith Boutique,Oliver Smith,Founder,,,https://www.linkedin.com/company/oliver-smith-jeweler,+12109042200,https://www.oliversmithjeweler.com,"Aspen, CO",yellowpages
Emporium And Flying Circus,,,contact@aspenemporium.com,,,+19705442499,http://www.emporiumandflyingcircus.com,"Aspen, CO",yellowpages
Traffic,,,shoptraffic@aol.com,,,+19709279645,http://shoptrafficbasalt.com,"Aspen, CO",yellowpages
Catto Center at Toklat,,,info@toklatgallery.com,,,+19709271437,http://www.toklatgallery.com/legacy-project,"Aspen, CO",yellowpages
Wyld Blue,,,,,,+19707107486,https://wyldblue.com,"Aspen, CO",yellowpages
Souchi,,,,,,+19709252580,http://www.souchi.com,"Aspen, CO",yellowpages
The Little Bird,,,,,,+19709203830,http://thelittlebirdinc.com,"Aspen, CO",yellowpages
Aspen Carpet and Floors,,,allen@aspencarpetandfloors.com,,,+19709305855,https://www.aspencarpetandfloors.com,"Aspen, CO",yellowpages
Misstyx,,,,,,+15557771234,http://www.misstyx.com,"Aspen, CO",yellowpages
Ermenegildo Zegna Corp,,,,,,+19705444989,http://ermenegildozegnacorpco.localsearch.com,"Aspen, CO",yellowpages
Gray Aspen,,,,,,+19704298952,http://msalonaspen.com,"Aspen, CO",yellowpages
Enjay Boutique,,,,,,+19709239268,http://enjayboutique.localsearch.com,"Aspen, CO",yellowpages
Chanel,,,,,,+19703663480,http://chanelco.localsearch.com,"Aspen, CO",yellowpages
Maui And Company,,,,,,+19705442526,http://mauiandcompany.localsearch.com,"Aspen, CO",yellowpages
Dior Aspen,,,,,,+19705444944,http://www.dior.com,"Aspen, CO",yellowpages
Distractions,,,,,,+19705449946,http://distractions.localsearch.com,"Aspen, CO",yellowpages
Zadig & Voltaire,,,,,,+19705441961,http://us.zadig-et-voltaire.com/us/shops/locator/details/country/fr/city/141/category/0/shop/273,"Aspen, CO",yellowpages
Gallerie Zuger,,,,,,+19705444893,http://gallerie.net,"Aspen, CO",yellowpages
Valentino,,,,,,+19709252982,https://boutiques.valentino.com/en-wx/united-states/valentino-aspen-usa,"Aspen, CO",yellowpages
Prada Aspen,,,,,,+18779977232,http://prada.com,"Aspen, CO",yellowpages
Aspen Grog Shop,,,,,,+19709253000,http://aspengrogshop.localsearch.com,"Aspen, CO",yellowpages
Explore Booksellers,,,,,,+19709255336,https://www.explorebooksellers.com/history,"Aspen, CO",yellowpages
ETC-Everything Casual,,,,,,+19709276802,http://etceverythingcasual.localsearch.com,"Aspen, CO",yellowpages
Faboo,,,,,,+19703430602,http://faboofashion.com,"Aspen, CO",yellowpages
Heirlooms,,,,,,+13038930552,http://heirloomsresale.com,"Aspen, CO",yellowpages
Sally's Gift Shop,,,,,,+19705441132,http://sallysgiftshop.localsearch.com,"Aspen, CO",yellowpages
Arc'teryx,,,,,,+19709256331,https://arcteryx.com,"Aspen, CO",yellowpages
Cassie's Corner Store,,,,,,+19709273166,http://cassiescornerstoreco.localsearch.com,"Aspen, CO",yellowpages
Shop Pauls,,,,,,+19709452585,http://shoppauls.localsearch.com,"Aspen, CO",yellowpages
Pella Windows,,,,,https://www.linkedin.com/company/pella-windows-doors-of-denver,+13033713750,https://www.pella.com/locations/co/glenwood-springs,"Aspen, CO",yellowpages
Rock Creek Jewelry,,,,,,+19709633902,http://rockcreekjewelry.localsearch.com,"Aspen, CO",yellowpages
Corky Woods Corporation,,,,,,+19702778000,http://corkywoodscorporation.localsearch.com,"Aspen, CO",yellowpages
Dollar Tree,,,,,,+18775308733,https://locations.dollartree.com/co/carbondale/813-hwy-133,"Aspen, CO",yellowpages
212 Gallery,,,,,,+19709257117,http://212gallery.localsearch.com,"Aspen, CO",yellowpages
Attic Fantasies Gifts & Collectables,,,,,,+19709251790,http://atticfantasiesgifts.localsearch.com,"Aspen, CO",yellowpages
Van Cleef & Arpels (Aspen - East Hyman Avenue),,,,,,+19703003778,https://www.vancleefarpels.com/boutique-detailed-page/aspen-east-hyman-avenue.html?utm_source=gmb,"Aspen, CO",yellowpages
Sandy's Office Supply,,,,,https://www.linkedin.com/company/source-office-products,+18009808010,https://www.sandysofficesupply.com,"Aspen, CO",yellowpages
Buccellati,,,,,,+19705448303,https://twitter.com/buccellatimilan,"Aspen, CO",yellowpages
Stitch Works,,,,,,+19709257471,http://www.aspenformalwear.com,"Aspen, CO",yellowpages
Snowmass Tapestries,,,,,,+19709235964,http://snowmasstapestries.localsearch.com,"Aspen, CO",yellowpages
