#,Company,Contact,Email,Location,Fit,Send?,Research notes,Pain hypothesis,Personalisation hook,Free value-first piece,Stack lead (what to emphasise),Subject,Email (Day 1)
1,Pinky Pinky,Nancy (Owner/Founder),akapinkybynancyltd@gmail.com,"Greenwich, CT",5,Yes,Owner-run Greenwich boutique. Personal founder story on /about. Gmail used as business email. No sign of ads or email capture.,Strong local loyalty but online sales depend on word of mouth; nothing brings new Greenwich shoppers in during the holidays.,Her first-person founder story on the About page,Holiday Revenue Teardown of pinkyofgreenwich.com + 3 Meta ad ideas built around her story,Meta ads to women within 10 miles of Greenwich + gift guide page,your Pinky story,"Hi Nancy,

Read the story behind Pinky of Greenwich on your About page. That kind of personal brand is exactly what Instagram ads reward, and most boutiques don't have one.

The problem is that only people who already know you get to hear it. Holiday shoppers in Greenwich are deciding where to buy gifts right now.

I'd like to record you a free 5 minute video: where your site is losing holiday sales and 3 ad ideas built around your story. Yours to keep, no call needed.

Want me to make it?

Zunaira
Quixify Media | zunaira@quixifymedia.com

P.S. Not relevant? Reply 'no' and I won't email again."
2,Pe 101,Joan Teige (Founder & Owner),pe101aspen@gmail.com,"Aspen, CO",5,Yes,"Founded 1979, 41 years brick and mortar. One-of-a-kind sweatshirts and a seasonal cause collection. Site is mostly brochure; online buying unclear.",Aspen visitors love the store but can't easily buy again from home after their trip.,41 years in Aspen + the one-of-a-kind sweatshirts,Teardown showing how to turn past Aspen visitors into online holiday buyers + 3 ad ideas for the sweatshirts,Meta ads to people who visited Aspen + Shopify product pages for the one-of-a-kind pieces,41 years of one-of-a-kind,"Hi Joan,

41 years in Aspen, starting with turning those xs sweatpants into one-of-a-kind sweatshirts. That's a better brand story than most national labels have.

What I noticed: visitors fall for the store, fly home, and there's no easy way for them to buy from you again in December.

I'd like to send you a free 5 minute video showing how to reach past Aspen visitors with Instagram ads this holiday, with 3 ad ideas for your sweatshirts. No call, no strings.

Shall I put it together?

Zunaira
Quixify Media | zunaira@quixifymedia.com

P.S. Not relevant? Reply 'no' and I won't email again."
3,Sexsi Toys,Kelly Ashlen (Founder),kelly@sexsitoys.com,"Los Angeles, CA",5,Yes,Founder-led brand with several sub-brands. Active on LinkedIn (linkedin.com/in/kelly-ashlen). Ecommerce site.,"Adult products face strict Meta ad rules, so growth stalls on paid social and relies on organic.",Running multiple brands under Sexsi Toys,Teardown of the store plus which ad angles are Meta-policy-safe for her category,Policy-safe Meta creative + abandoned cart flow (bonus 3) since paid reach is restricted,ads that won't get rejected,"Hi Kelly,

Saw you run several brands under Sexsi Toys. Respect for building that in a category where Meta rejects half the ads people try.

That usually means growth leans on organic and the holiday rush goes to whoever figured out compliant ads.

I'd like to send you a free 5 minute video: where your store loses checkouts, plus 3 holiday ad angles that stay inside Meta's rules. Yours to keep either way.

Worth me making it?

Zunaira
Quixify Media | zunaira@quixifymedia.com

P.S. Not relevant? Reply 'no' and I won't email again."
4,Tribeca,Jordan Nelken (Owner),tribecaboutiquechicago@gmail.com,"Chicago, IL",5,Yes,"West Loop boutique, owner named on homepage. Instagram @tribecaboutique. Site has a West Loop guide.",Relies on West Loop foot traffic and Instagram posts; no paid engine for holiday gift buyers.,The West Loop guide on the site,Teardown + 3 Instagram ads aimed at West Loop and Fulton Market shoppers,Local Meta ads (store visits) + gift guide page,West Loop holiday shoppers,"Hi Jordan,

Noticed you put a West Loop guide on the Tribeca site. Smart way to own the neighbourhood.

Most boutiques there rely on foot traffic and Instagram posts, then watch gift buyers go to the big stores in December.

I'd like to record you a free 5 minute video with 3 ad ideas aimed at people within a mile of you, plus the quick site fixes that turn clicks into orders. You keep it either way.

Want it?

Zunaira
Quixify Media | zunaira@quixifymedia.com

P.S. Not relevant? Reply 'no' and I won't email again."
5,Essentique,Mondonna (Founder),info@essentique.com,"Palo Alto, CA",4,Yes,"Natural beauty boutique in Palo Alto. Founder is a biologist with an Instagram (@essentique.founder). Free shipping over $50, 15% off signup popup. Already selling online.","Has the basics (popup, shipping offer) but no paid traffic, so the online store depends on locals.",Founder is a biologist who curates natural beauty,Teardown of essentique.com checkout + 3 ads built on her science background,Meta ads + abandoned cart flow (she already captures emails),a biologist's gift guide,"Hi Mondonna,

A biologist curating natural beauty is a story Instagram ads were made for. Your site already has the 15% signup and free shipping over $50, so the basics are there.

What's missing is traffic beyond Palo Alto. Holiday gift buyers are searching right now.

I'd like to send you a free 5 minute video: 3 ads built on your science angle, plus the spots in checkout where shoppers drop off. No call needed.

Should I make it?

Zunaira
Quixify Media | zunaira@quixifymedia.com

P.S. Not relevant? Reply 'no' and I won't email again."
6,Leaf & Petal,Judy Ohki (Owner),judy@lpetal.com,"Palo Alto, CA",4,Yes,"Serving Palo Alto since 1979. Jewelry and gifts. Online store live, free shipping over $100, still showing a summer sale code (SUMMERSALE26). LinkedIn: judy-ohki-9518b516.","Online store is not being actively worked: summer promo still up in October, no holiday plan visible.",Summer sale code still live in October,Teardown flagging the stale promo + a holiday gift ad plan,"Shopify leak fix (promo, gift options) + gifts-under-$100 ads",your SUMMERSALE26 code,"Hi Judy,

Quick heads up: the Leaf & Petal site is still promoting SUMMERSALE26. Easy to miss when you've been running a store since 1979.

The bigger point is that holiday gift shoppers are already looking, and the site isn't speaking to them yet.

I'd like to send you a free 5 minute video with the 3 changes I'd make before Black Friday and 3 'gifts under $100' ad ideas from your jewelry. Yours to keep.

Want it?

Zunaira
Quixify Media | zunaira@quixifymedia.com

P.S. Not relevant? Reply 'no' and I won't email again."
7,Komune,Martin Li (Co-Founder),martin@komune.space,"New York, NY",4,Yes,"Orchard St boutique for emerging designers, one-of-ones from 18 designers. Co-founders Martin Li and Cassie Mao (cassie@komune.space). Content-led brand.",One-of-one pieces sell slowly online because each needs its own story and nobody sees it.,One-of-ones from 18 emerging designers,Teardown + 3 ads that sell the designers' stories,Meta ads on designer stories + 12 creatives from their existing content,selling one-of-ones online,"Hi Martin,

One-of-ones from 18 emerging designers on Orchard Street is a great concept. It's also hard to sell online, because every piece needs its own story and only your followers see it.

That's exactly where Instagram ads do well: telling a designer's story to people who've never heard of Komune.

I'd like to send you and Cassie a free 5 minute video with 3 ad ideas built on your designers, plus the site fixes I'd make before December. No call needed.

Interested?

Zunaira
Quixify Media | zunaira@quixifymedia.com

P.S. Not relevant? Reply 'no' and I won't email again."
8,Oliver Smith Jeweler,Oliver Smith (President & Owner),oliver@oliversmithjeweler.com,"Aspen, CO",4,Yes,"Jeweler since 44 years, Scottsdale flagship + Aspen. Pre-owned watch program, 35% off Prism collection, Jewelry Vault weekly drops. Marketing team in house (from LinkedIn).",Has an in-house team but holiday paid social for high-ticket watches and jewelry is hard to make profitable.,The Jewelry Vault weekly drops,Teardown of the Vault + pre-owned watch funnel with 3 high-ticket ad ideas,High-ticket Meta funnel (lead to appointment) for the Vault and pre-owned watches,the Jewelry Vault,"Hi Oliver,

The Jewelry Vault with new pieces every week is a smart idea. Weekly drops give people a reason to come back.

The tricky part with high-ticket pieces is that most holiday ads chase cheap clicks, not buyers who book an appointment.

I'd like to send you a free 5 minute video showing 3 ad ideas that drive Vault and pre-owned watch appointments in Scottsdale and Aspen. Your team can use it with or without us.

Worth a look?

Zunaira
Quixify Media | zunaira@quixifymedia.com

P.S. Not relevant? Reply 'no' and I won't email again."
9,Earth Wind & Fire Boutique,Danny (Owner),earthwindandfireseattle@gmail.com,"Seattle, WA",4,Yes,"Pike Place Market boutique, owner Danny (engineer, from Peru, moved to Seattle 2012). Mostly US-made distinctive pieces.","Huge tourist foot traffic, but those visitors never become repeat online buyers.",Pike Place + an engineer turned boutique owner,Teardown on turning Pike Place visitors into online buyers + 3 ads,Meta retargeting of Pike Place visitors + Shopify product pages,Pike Place visitors,"Hi Danny,

Read your story on the site: engineer, moved from Peru in 2012, now running one of Pike Place's most unique boutiques. Great story.

The catch with Pike Place is that thousands of visitors love the shop, then fly home and never buy again.

I'd like to send you a free 5 minute video on how to reach those visitors with Instagram ads this holiday, with 3 ad ideas for your US-made pieces. No call needed.

Want me to send it?

Zunaira
Quixify Media | zunaira@quixifymedia.com

P.S. Not relevant? Reply 'no' and I won't email again."
10,Lou Lou,Tara Wegdam (Co-owner),info@loulouboutiques.com,"Boston, MA",3,Yes,"Family owned since 2004 (Tara and Ben Wegdam), accessories boutique, stores in 5 states + online. Generic email.",Multi-store brand with no clear online growth engine; each store promotes itself.,Tara's quote about boutique retail over mass appearance,Teardown + 3 ads using Tara's 'style over mass appearance' angle,Meta ads across all 5 store areas + gift guide,style over mass appearance,"Hi Tara,

Loved the line on your site: 'a true fashionista shops boutique retail where style prevails over mass appearance.' That's a ready-made ad.

With stores in five states, the hard part is getting every location and the online shop busy at the same time during the holidays.

I'd like to send you a free 5 minute video with 3 ad ideas built on that line and the site fixes I'd make before Black Friday. Yours either way.

Shall I make it?

Zunaira
Quixify Media | zunaira@quixifymedia.com

P.S. Not relevant? Reply 'no' and I won't email again."
11,Blink Lash Boutique,Janelle Koch (Founder & Owner),janelle@blinklashboutique.com,"San Diego, CA",3,Yes,"Lash salon founded 2008 by Janelle Koch, co-owner Jen Pearson. Runs a Blink Certified training program. Janelle now based in Spokane per LinkedIn. Service business, not retail.",Bookings dip outside wedding and holiday peaks; training program needs a steady flow of students.,The Blink Certified training program,Teardown of the booking flow + 3 ads for holiday lash appointments and the training program,Meta ads for bookings (not Shopify); leak fix on the booking page,holiday lash bookings,"Hi Janelle,

Blink Certified artists all over the world is impressive for a studio that started in one room in Mission Valley.

Holiday parties are when people book lashes, but most studios rely on regulars and Instagram posts to fill the calendar.

I'd like to send you a free 5 minute video with 3 ad ideas to fill holiday appointments (and a 4th for the training program), plus fixes to the booking page. No call needed.

Want it?

Zunaira
Quixify Media | zunaira@quixifymedia.com

P.S. Not relevant? Reply 'no' and I won't email again."
12,Raaz Couture,Arzu Ekbal (Co-Owner & COO),arzu@raazinc.com,"Chicago, IL",3,Yes,28-year-old South Asian couture store. Online store is password protected ('re-opening'). Co-owners Ghazala Khan and Arzu Ekbal. Instagram @raazcouture.,"Online store is down, so wedding season and holiday demand from outside Chicago can't buy.",Online store currently closed for relaunch,Teardown of what the relaunched store needs + 3 ads for wedding and festive season,Shopify relaunch fix + launch ads (stack items 1 and 2),your online store relaunch,"Hi Arzu,

Saw the Raaz online store is closed while you relaunch it. Good timing to get it right, with wedding and festive season coming.

The risk with relaunches is that the new store goes live quietly and nobody outside Chicago knows it exists.

I'd like to send you a free 5 minute video: what the relaunched store needs to sell couture online, plus 3 launch ad ideas. Happy to include Ghazala too.

Want me to put it together?

Zunaira
Quixify Media | zunaira@quixifymedia.com

P.S. Not relevant? Reply 'no' and I won't email again."
13,Junkman's Daughter,Pam (Founder),orders@thejunkmansdaughter.com,"Atlanta, GA",3,Yes,"Little Five Points icon since 1982, founded by Pam. Shopify store, free shipping over $200.","Cult local brand, but the online store is a side channel and the $200 free shipping bar is high.",40+ years in Little Five Points,Teardown on the $200 shipping threshold + 3 ads to the brand's fans outside Atlanta,Shopify leak fix (shipping threshold) + Meta ads to fans nationally,a Little Five Points legend online,"Hi Pam,

Junkman's Daughter has been part of Little Five Points since 1982. There are people all over the country who visited once and still talk about it.

Right now the online store is hard to find for them, and free shipping only kicks in at $200, which loses a lot of gift-sized orders.

I'd like to send you a free 5 minute video with 3 ad ideas aimed at those fans, plus the shipping tweak I'd test first. No strings.

Want it?

Zunaira
Quixify Media | zunaira@quixifymedia.com

P.S. Not relevant? Reply 'no' and I won't email again."
14,Abbey Glass,Abigail Glass (Founder & CEO),aglass@abbey-glass.com,"Atlanta, GA",3,Yes (lower odds),"Designer label, 10 years, Atlanta flagship + boutiques + wholesale. Has VP Retail, Director of Marketing. Free shipping over $295.",Bigger team already in place; open to help only for specific holiday or flagship goals.,10 years of Abbey Glass + the Atlanta flagship,Teardown focused on driving flagship appointments in Atlanta,Local Meta ads for flagship styling appointments,flagship styling appointments,"Hi Abigail,

Congrats on 10 years of Abbey Glass. The personal styling at the Atlanta flagship is something online-only brands can't copy.

I'm guessing your marketing team is focused on the brand nationally, which can leave the flagship relying on regulars during the holidays.

I'd like to send you a free 5 minute video with 3 local ad ideas to fill styling appointments at the flagship. Your team can run it themselves.

Worth a look?

Zunaira
Quixify Media | zunaira@quixifymedia.com

P.S. Not relevant? Reply 'no' and I won't email again."
15,Monkee's of Naples,Owner (not named),girls@monkeesofnaples.com,"Naples, FL",3,Yes,Independently owned franchise of Monkee's. Owner not named on site.,Franchise brand gives the look but not local ads; Naples season starts now.,Naples season (snowbirds arriving),Teardown + 3 ads aimed at seasonal Naples residents,Local Meta ads timed to snowbird arrivals,snowbird season,"Hi there,

Saw that each Monkee's is independently owned, so I'm guessing the Naples store gets the brand but not much help with local marketing.

Season is starting. Thousands of seasonal residents are arriving and choosing their favourite shops in the next few weeks.

I'd like to send you a free 5 minute video with 3 Instagram ad ideas aimed at new arrivals in Naples, plus quick wins for your site. No call needed.

Want it?

Zunaira
Quixify Media | zunaira@quixifymedia.com

P.S. Not relevant? Reply 'no' and I won't email again."
16,Sakura Sakura,Owner (not named),sakurasakurasf@gmail.com,"San Francisco, CA",3,Yes,Paused online orders to focus on the physical store. Gmail business email.,"Online paused, so all holiday revenue rests on foot traffic.",Online orders currently paused,Teardown on bringing more foot traffic with local ads (no online store needed),Local Meta ads for store visits only,more people through the door,"Hi there,

Saw that Sakura Sakura has paused online orders to focus on the store. Makes sense, but it puts all of December on foot traffic.

The good news is local Instagram ads can bring people through the door without an online shop at all.

I'd like to send you a free 5 minute video with 3 local ad ideas for San Francisco shoppers this holiday season. Yours to keep, no call needed.

Shall I make it?

Zunaira
Quixify Media | zunaira@quixifymedia.com

P.S. Not relevant? Reply 'no' and I won't email again."
17,Siren Boutique,Owner (not named),westportal@sfsiren.com,"San Francisco, CA",3,Yes,Voted SF Gate Best Retail Fashion Store 2026. New permanent jewelry store. Free shipping over $100. Gift cards.,Award gives credibility but isn't used in ads; new permanent jewelry needs bookings.,SF Gate Best Retail Fashion Store 2026 + new permanent jewelry,Teardown + 3 ads using the award and permanent jewelry,Meta ads for permanent jewelry bookings + gift cards,"SF Gate's best, on Instagram","Hi there,

Congrats on SF Gate's Best Retail Fashion Store of 2026. That award is the strongest ad headline you could ask for, and right now it's only on your site.

The new permanent jewelry is also a perfect holiday gift experience that people book together.

I'd like to send you a free 5 minute video with 3 ad ideas using both, plus quick site fixes before Black Friday. No call needed.

Want it?

Zunaira
Quixify Media | zunaira@quixifymedia.com

P.S. Not relevant? Reply 'no' and I won't email again."
18,Azalea,Owner (not confirmed),orders@azaleasf.com,"San Francisco, CA",3,Yes,Hayes Valley boutique with independent designers. Free shipping over $125. Email signup.,"Strong curation, but the online store competes with big retailers carrying similar brands.",Independent designers in Hayes Valley,"Teardown + 3 ads on the curation, not the brands",Meta ads on curation + abandoned cart flow,independent designers,"Hi there,

Azalea's mix of independent designers is what makes Hayes Valley worth the trip.

Online is tougher: when shoppers search the same brands, the big retailers usually win on ads.

I'd like to send you a free 5 minute video with 3 holiday ad ideas that sell Azalea's curation instead of single brands, plus the checkout fixes I'd make first. Free, no call needed.

Shall I make it?

Zunaira
Quixify Media | zunaira@quixifymedia.com

P.S. Not relevant? Reply 'no' and I won't email again."
19,Emporium And Flying Circus,Owner (not named),contact@aspenemporium.com,"Aspen, CO",3,Yes,"Voted Aspen's Best Gift Shop 2025 (Aspen Times). Handmade gifts, gallery pieces, home decor, newsletter signup.",Peak ski-season tourists buy once; no follow-up to sell to them again online.,Aspen's Best Gift Shop 2025,Teardown + 3 ads to past and upcoming Aspen visitors,Meta ads to Aspen visitors + gift guide,Aspen's best gift shop,"Hi there,

Congrats on being voted Aspen's Best Gift Shop. That's the kind of proof most shops would kill to have in their ads.

The challenge in Aspen is that most buyers are visitors who leave after a week and never come back online.

I'd like to send you a free 5 minute video with 3 ad ideas aimed at people planning ski trips and past visitors, plus a gift guide idea for December. No call needed.

Want it?

Zunaira
Quixify Media | zunaira@quixifymedia.com

P.S. Not relevant? Reply 'no' and I won't email again."
20,Traffic,Owner (not named),shoptraffic@aol.com,"Basalt / Aspen, CO",3,Yes,"Upscale women's clothing in Basalt. Reviews praise the buyer's taste. Uses AOL email, simple site.",Loyal regulars but little online presence; depends on drive-by traffic through the valley.,Review praising the buying,Teardown + 3 local ad ideas for the Roaring Fork Valley,Local Meta ads + simple online lookbook,whoever buys for this store,"Hi there,

Found a review of Traffic that said 'whoever buys for this store does a fantastic job.' That's a great thing to have customers say unprompted.

The catch is that only people driving through Basalt get to see it.

I'd like to send you a free 5 minute video with 3 Instagram ad ideas aimed at women across the Roaring Fork Valley this holiday season. No call needed, yours to keep.

Want me to make it?

Zunaira
Quixify Media | zunaira@quixifymedia.com

P.S. Not relevant? Reply 'no' and I won't email again."
21,Ooga Booga,Owner (not named),info@oogaboogastore.com,"Los Angeles, CA",3,Yes,"Chinatown storefront closed, webshop still open. Cult art and books store.","With the storefront closed, all revenue now depends on a webshop few people find.","Storefront closed, webshop open",Teardown of the webshop + 3 ads to reach their art crowd online,Meta ads to art/design audiences + Shopify fixes,now that the storefront is closed,"Hi there,

Saw the Chinatown storefront has closed but the webshop is still open. That shifts everything onto online, which is hard when your fans found you by walking in.

The good news is your art and design crowd is very reachable on Instagram.

I'd like to send you a free 5 minute video with 3 ad ideas to put the webshop in front of them for the holidays, plus quick store fixes. No call needed.

Want it?

Zunaira
Quixify Media | zunaira@quixifymedia.com

P.S. Not relevant? Reply 'no' and I won't email again."
22,Lake,Owner (not named),welcome@lakeboutique.com,"Los Angeles, CA",3,Yes,"Silver Lake for 20+ years, 'Parisian chic meets California cool'. Independent artisans. Gift section.",Strong local brand; online shop under-used for gift buyers outside Silver Lake.,Parisian chic meets California cool,Teardown + 3 gift ads in their brand voice,Meta ads + gift guide page,"Parisian chic, California cool","Hi there,

'Parisian chic meets California cool' after 20+ years in Silver Lake is a positioning line most brands would pay for.

What I noticed is that the online shop isn't really telling that story to gift buyers outside the neighbourhood yet.

I'd like to send you a free 5 minute video with 3 holiday ad ideas in that voice, plus a gift guide idea for the site. No call needed.

Shall I make it?

Zunaira
Quixify Media | zunaira@quixifymedia.com

P.S. Not relevant? Reply 'no' and I won't email again."
23,Eighth Story,Owner (not named),contact@8thstory.com,"Los Angeles, CA",3,Yes,"Shopify store, several contact inboxes (contact@, hello@, cheers@). Thin site content.",Online store with little traffic and no clear hero product for holiday ads.,Shopify store with several inboxes,Teardown picking the 3 products to push this holiday,Meta ads on 3 hero products + 12 creatives,your 3 best holiday sellers,"Hi there,

Had a look around the Eighth Story store. Nice range, but nothing tells a first-time visitor what to buy.

For the holidays, the stores that win usually pick 2 or 3 hero products and put all their ads behind them.

I'd like to send you a free 5 minute video picking the 3 products I'd push and an ad idea for each. Yours to keep, no call needed.

Want it?

Zunaira
Quixify Media | zunaira@quixifymedia.com

P.S. Not relevant? Reply 'no' and I won't email again."
24,Iris T,Owner (not named),iristaccessories@gmail.com,"Dallas, TX",3,Yes,Dallas accessories boutique carrying US-made designer jewelry and VANELi shoes.,"Carries brands available elsewhere, so needs local ads to win the holiday gift buyer.",US-made designer jewelry,Teardown + 3 local gift ads,Local Meta ads + gift guide,Dallas gift shoppers,"Hi there,

Noticed Iris T carries US-made designer jewelry. That's a strong gift angle for Dallas shoppers who want something local and special.

The problem is that most of them will buy their gifts online from big stores unless something reminds them you exist.

I'd like to send you a free 5 minute video with 3 local holiday ad ideas and a simple gift guide idea. Free, no call needed.

Want me to make it?

Zunaira
Quixify Media | zunaira@quixifymedia.com

P.S. Not relevant? Reply 'no' and I won't email again."
25,The Collective,Owner (not named),info@thecollectivedallas.com,"Dallas, TX",3,Yes,"Interior design studio + shop (furnishings, art, accessories). Boutique just re-opened.","Re-opened boutique needs to tell Dallas it's back, before holiday home decor season.",The boutique just re-opened,Teardown + 3 ads announcing the re-opening,Local Meta ads for the re-opening + design consult leads,the boutique re-opening,"Hi there,

Saw the boutique at The Collective is officially re-open. Congrats.

Re-openings are a great ad moment, and holiday home decor season is right on top of it. Most shops just post once and hope people notice.

I'd like to send you a free 5 minute video with 3 local ad ideas announcing the re-opening and driving design consults. Yours to keep, no call needed.

Want it?

Zunaira
Quixify Media | zunaira@quixifymedia.com

P.S. Not relevant? Reply 'no' and I won't email again."
26,Muse,Owner (not named),shop@musehouston.com,"Houston, TX",3,Yes,"Houston boutique, online shop, free shipping over $100.",Online store exists but no traffic plan for the holidays.,Free shipping over $100,Teardown + 3 ads using the $100 threshold for gift bundles,Meta ads + gift bundles over $100,gift bundles over $100,"Hi there,

Noticed Muse offers free shipping over $100. That's a perfect hook for holiday gift bundles, but right now it's just a banner.

Most boutiques leave that on the site and hope. The ones that grow put it in front of local gift buyers with ads.

I'd like to send you a free 5 minute video with 3 holiday ad ideas built on it, plus quick checkout fixes. No call needed.

Want it?

Zunaira
Quixify Media | zunaira@quixifymedia.com

P.S. Not relevant? Reply 'no' and I won't email again."
27,Blue Elephant Boutique,Owner (not named),blue.elephant.boutique@gmail.com,"Austin, TX",3,Yes,Austin boutique with Shopify site. Gmail business email. Thin content.,"Small shop, no marketing help; holiday sales depend on Instagram posts.",Austin boutique on Shopify,Teardown + 3 local Austin ads,Local Meta ads + 12 creatives from their photos,Austin holiday shoppers,"Hi there,

Had a look at the Blue Elephant shop. Lovely pieces, and the kind of boutique Austin shoppers like to find.

Most small shops rely on Instagram posts in December, which mostly reach people who already follow you.

I'd like to send you a free 5 minute video with 3 local ad ideas that reach new Austin shoppers, made from your own photos. Yours to keep, no call needed.

Shall I make it?

Zunaira
Quixify Media | zunaira@quixifymedia.com

P.S. Not relevant? Reply 'no' and I won't email again."
28,Feathers Boutique Vintage,Owner (not named),info@feathersboutiquevintage.com,"Austin, TX",3,Yes,"South Congress vintage store. New arrivals drop Wed, Thu and Fri at set times. Instagram active.",Weekly drops are only seen by followers; no way to grow the drop audience.,Scheduled weekly new-arrival drops,Teardown + 3 ads that build a bigger audience for the weekly drops,Meta ads around drop days + email capture,your weekly drops,"Hi there,

Love that Feathers drops new arrivals at set times every week. That's a built-in reason for people to come back.

The limit is that only your followers know when the drops happen.

I'd like to send you a free 5 minute video with 3 ad ideas to grow the drop audience before the holidays, plus a quick way to capture emails for drop alerts. No call needed.

Want it?

Zunaira
Quixify Media | zunaira@quixifymedia.com

P.S. Not relevant? Reply 'no' and I won't email again."
29,Kiwi's Boutique,Owner (not named),info@kiwisboutiqueinc.com,"Chicago, IL",3,Yes,"Chicago boutique, new styles weekly, Afterpay and Sezzle at checkout.",Pay-later options are a selling point nobody outside the site sees.,Afterpay/Sezzle + weekly new styles,Teardown + 3 ads using pay-later as the holiday hook,Meta ads + abandoned cart flow,pay-in-4 holiday outfits,"Hi there,

Noticed Kiwi's offers Afterpay and Sezzle and adds new styles weekly. Pay-in-4 is a strong holiday hook, especially for party outfits.

Right now it only shows at checkout, after people have already decided.

I'd like to send you a free 5 minute video with 3 ad ideas built on pay-in-4 for holiday outfits, plus the checkout fixes I'd make. No call needed.

Want it?

Zunaira
Quixify Media | zunaira@quixifymedia.com

P.S. Not relevant? Reply 'no' and I won't email again."
30,Tags Boutique / Lexi n Fifth,Owner Peaches (from reviews),hello@lexinfifth.com,"Atlanta, GA",3,Yes,Online store Lexi n Fifth plus Tags Boutique. Reviews praise owner Peaches. Email signup.,"Owner's personal service drives loyalty, but the online store doesn't carry that warmth.",Reviews that rave about Peaches,Teardown + 3 ads featuring customer reviews,Meta ads using reviews + abandoned cart flow,what your customers say about Peaches,"Hi Peaches,

Read the reviews for Tags. Customers keep saying you make them feel like family. That's rare and very hard to fake in an ad.

The online store doesn't show that yet, so new shoppers never feel it.

I'd like to send you a free 5 minute video with 3 holiday ad ideas built on those reviews, plus fixes for the Lexi n Fifth checkout. No call needed.

Want it?

Zunaira
Quixify Media | zunaira@quixifymedia.com

P.S. Not relevant? Reply 'no' and I won't email again."
31,Range Clothing Boutique,Owner (not named),info@rangeboutique.com,"Atlanta, GA",3,Yes,Atlanta boutique with local and national designers sections. Shopify.,Supporting local designers is a story the ads don't tell.,Local designers section,Teardown + 3 ads on 'shop Atlanta designers',Meta ads on local designers + gift guide,Atlanta designers,"Hi there,

Noticed Range has a whole section for local designers. 'Gifts made by Atlanta designers' is a strong holiday message.

Most shoppers who'd love that never hear about it because it lives in a menu.

I'd like to send you a free 5 minute video with 3 ad ideas built around your local designers, plus the site changes I'd make before Black Friday. Free, no call needed.

Want it?

Zunaira
Quixify Media | zunaira@quixifymedia.com

P.S. Not relevant? Reply 'no' and I won't email again."
32,Likelihood,Naravie (business inquiries),naravie@likelihood.us,"Seattle, WA",3,Yes,"Seattle menswear and lifestyle store, 'quiet craftsmanship'. Separate inboxes for press and business.",Niche men's product: hard to find buyers beyond the store's following.,Quiet craftsmanship makers can appreciate',"Teardown + 3 ads aimed at men who care about craft, and their partners buying gifts",Meta ads to gift buyers for men + Shopify fixes,gifts for the man who has everything,"Hi Naravie,

'Quiet craftsmanship makers can appreciate' describes Likelihood perfectly.

The holiday opportunity is a bit different: the buyer is often a partner looking for a gift for a man who's hard to shop for.

I'd like to send you a free 5 minute video with 3 ad ideas aimed at those gift buyers, plus quick store fixes. Yours to keep, no call needed.

Want it?

Zunaira
Quixify Media | zunaira@quixifymedia.com

P.S. Not relevant? Reply 'no' and I won't email again."
33,Mishu,Owner (not named),info@mishuboutique.com,"Seattle, WA",3,Yes,"Own brand: fantasy-inspired attire and utility belts for 'adventurers', Seattle. Mailing list signup.","Very niche product (Ren faire, cosplay, festival). The audience exists online but needs targeting.",Fantasy attire and utility belts,"Teardown + 3 ads targeting Ren faire, cosplay and fantasy fans",Interest-targeted Meta ads + abandoned cart flow,gifts for adventurers,"Hi there,

Fantasy attire and utility belts for adventurers is a brilliant niche. The people who love this stuff really love it.

The good news is they're easy to find on Instagram (Ren faire, cosplay, fantasy fans), and they buy gifts for each other in December.

I'd like to send you a free 5 minute video with 3 ad ideas aimed at exactly those fans, plus quick store fixes. No call needed.

Want it?

Zunaira
Quixify Media | zunaira@quixifymedia.com

P.S. Not relevant? Reply 'no' and I won't email again."
34,Prairie Underground,Owner (not named),info@prairieunderground.com,"Seattle, WA",3,Yes,"Seattle sustainable clothing brand: second-use boxes, recycled offcuts. Own label.",Sustainability story isn't used to win new customers; holiday buyers choose on story.,"Sustainability details (second-use boxes, recycled offcuts)",Teardown + 3 ads built on their waste-reduction story,Meta ads on the sustainability story + Shopify fixes,your second-use boxes,"Hi there,

Read that Prairie Underground ships in second-use boxes and recycles every offcut regionally. Most brands that claim sustainability can't say anything that specific.

That level of detail makes very good ads for holiday shoppers who want to buy better.

I'd like to send you a free 5 minute video with 3 ad ideas built on it, plus the store fixes I'd make before Black Friday. No call needed.

Want it?

Zunaira
Quixify Media | zunaira@quixifymedia.com

P.S. Not relevant? Reply 'no' and I won't email again."
35,Forever Hart Fit (listed as Forever Boutique),Cassandra (Owner & Founder),cassandra@foreverhartfit.com,"Miami, FL (studios in NJ + CA)",2,Yes (adapted),"Not a boutique: women's fitness studio with 4 locations (NJ and CA). Founder Cassandra, ACE-certified. Has app for classes.",New-year membership push depends on ads; January is their peak month.,Grew from a dream to 4 studios in 9 years,Teardown + 3 ads for a New Year membership push,Meta lead ads for memberships (not Shopify),your New Year rush,"Hi Cassandra,

From one dream to four Forever Hart Fit studios in about nine years is a big achievement.

January is when women decide where to work out, and most studios start their ads too late to catch it.

I'd like to send you a free 5 minute video with 3 New Year ad ideas for your studios and quick fixes to your sign-up page. Yours to keep, no call needed.

Want it?

Zunaira
Quixify Media | zunaira@quixifymedia.com

P.S. Not relevant? Reply 'no' and I won't email again."
36,Crystalarium,Owner (not named),crystals@crystalarium.com,"Los Angeles, CA",2,Yes,"Crystal gallery with 8-9 foot crystals, astrology readings online and in store, ships large pieces nationwide. Great reviews.","High-ticket statement pieces need a lead and appointment funnel, not cheap clicks.",Giant crystals + astrology readings,Teardown + 3 ads for readings and statement pieces,Meta ads for astrology readings (entry offer) leading to high-ticket pieces,astrology readings as the way in,"Hi there,

Reviews of Crystalarium keep mentioning the 8 to 9 foot crystals and the amethyst door handles. That's a store people remember.

The readings you offer online and in store are a perfect low-cost way in for new customers, who then come back for the bigger pieces.

I'd like to send you a free 5 minute video with 3 ad ideas built on that path. No call needed.

Want it?

Zunaira
Quixify Media | zunaira@quixifymedia.com

P.S. Not relevant? Reply 'no' and I won't email again."
37,The Boutique,Owner (not named),info@shoptheboutique.com,"Miami, FL",2,Yes,Shopify store (confirmed in policy page). Little visible content in our fetch.,Shopify store with no visible traffic strategy.,Shopify store in Miami,Teardown of the store + 3 Miami ads,Shopify leak fix + Meta ads,your Shopify store before Black Friday,"Hi there,

Had a look at The Boutique's Shopify store. There are a few quick fixes that would help more visitors check out, especially on mobile.

The bigger opportunity is traffic: Miami holiday shoppers are deciding where to buy right now.

I'd like to send you a free 5 minute video with those fixes and 3 ad ideas for your store. Yours to keep, no call needed.

Want it?

Zunaira
Quixify Media | zunaira@quixifymedia.com

P.S. Not relevant? Reply 'no' and I won't email again."
38,Trend,Owner (not named),customerservice@trendboston.com,"Boston, MA",2,Yes,Boston store with gift sections by price (under $50/$150/$250) for men and women. Free shipping over $140.,Gift guides already exist but no traffic is sent to them.,Gift sections already built by price,Teardown + 3 ads that drive traffic to the existing gift sections,Meta ads to gift sections (stack item 5 already done),your gift guides deserve traffic,"Hi there,

You've already built gift sections by price for men and women. Most shops never get that far.

What's missing is people seeing them. Gift guides only work when holiday shoppers get sent straight to them.

I'd like to send you a free 5 minute video with 3 ad ideas that push Boston gift shoppers to those exact pages. No call needed.

Want it?

Zunaira
Quixify Media | zunaira@quixifymedia.com

P.S. Not relevant? Reply 'no' and I won't email again."
39,Toklat Gallery,Owner (not named),info@toklatgallery.com,"Basalt, CO",2,Yes,"Handcrafted Colorado art and gifts, Mace family history going back to 1950s Toklat lodge.",Heritage gallery depends on visitors; no online gift channel.,Mace family history at Toklat,Teardown + 3 ads telling the Toklat story,Meta ads + gift guide of Colorado-made gifts,a Colorado story worth gifting,"Hi there,

The Mace family history on your site, back to the Toklat lodge in the 1950s, is a wonderful story.

Handcrafted Colorado art makes a meaningful holiday gift, but only visitors who walk in get to discover it.

I'd like to send you a free 5 minute video with 3 ad ideas that share that story with gift buyers, plus a simple 'Colorado-made gifts' page idea. No call needed.

Want it?

Zunaira
Quixify Media | zunaira@quixifymedia.com

P.S. Not relevant? Reply 'no' and I won't email again."
40,Tasty Pet Treats / Bone Appetit Bakery,Owner (not named),pettreats@msn.com,"Southampton, NY",2,Yes,"Dog bakery and 'Doggie Store' gifts: holiday treats, ornaments, gift packs. Older-style site.",Great holiday product (pet gifts) but an outdated site loses mobile shoppers.,Dog holiday treats and gift packs,Teardown of mobile shopping + 3 ads for pet gift packs,Shopify rebuild/leak fix + Meta ads to dog owners,dog gifts for the holidays,"Hi there,

Dog holiday treats and gift packs are one of the easiest gifts to sell in December. Dog owners buy for their own dogs and for friends' dogs.

The catch is that most of them shop on their phones, and the site isn't easy to buy from on mobile yet.

I'd like to send you a free 5 minute video showing the fixes I'd make and 3 ad ideas for your gift packs. No call needed.

Want it?

Zunaira
Quixify Media | zunaira@quixifymedia.com

P.S. Not relevant? Reply 'no' and I won't email again."
41,Mint,Owner (not named),media@shopmint.com,"Southampton, NY",2,Yes,Hamptons boutique with several store locations and online. Free shipping over $200. Media inbox only.,Summer-heavy Hamptons business; quiet in winter unless online picks up.,Hamptons boutique quiet after summer,Teardown + 3 ads to summer customers now back in the city,Meta retargeting of summer customers + gift guide,your summer customers in December,"Hi there,

Hamptons boutiques like Mint do most of their business in summer, then those customers head back to the city.

They still love the shop. They just need a reason to buy from you in December.

I'd like to send you a free 5 minute video with 3 ad ideas that bring your summer customers back online for the holidays, plus quick store fixes. No call needed.

Want it?

Zunaira
Quixify Media | zunaira@quixifymedia.com

P.S. Not relevant? Reply 'no' and I won't email again."
42,CaliGirl Boutique,Owner (not named),info@caligirlboutique.com,"Los Angeles, CA",2,Yes,"LA boutique, very little site content in our fetch.",Little online presence; site likely not converting.,LA boutique,Teardown of the site + 3 LA ads,Shopify leak fix + Meta ads,holiday shoppers in LA,"Hi there,

Had a quick look at the CaliGirl Boutique site. There are a few simple changes that would make it much easier to buy from, especially on a phone.

With holiday shopping starting, that matters more than usual.

I'd like to send you a free 5 minute video with those fixes and 3 Instagram ad ideas for LA shoppers. Yours to keep, no call needed.

Want it?

Zunaira
Quixify Media | zunaira@quixifymedia.com

P.S. Not relevant? Reply 'no' and I won't email again."
43,Hollywood Sensual,Owner (not named),info@hollywoodsensual.com,"San Diego, CA",2,Yes,Lingerie and adult store with wholesale and model inquiries. Multiple inboxes.,Lingerie ads face Meta restrictions; holiday (and Valentine's next) are peak.,Lingerie + wholesale,Teardown + 3 policy-safe holiday ad angles,Policy-safe Meta creative + abandoned cart flow,lingerie ads that get approved,"Hi there,

Lingerie is one of the best holiday gift categories, and one of the hardest to advertise on Instagram because of Meta's rules.

Most stores either get ads rejected or give up and rely on organic.

I'd like to send you a free 5 minute video with 3 holiday ad angles that stay inside the rules, plus quick checkout fixes. No call needed.

Want it?

Zunaira
Quixify Media | zunaira@quixifymedia.com

P.S. Not relevant? Reply 'no' and I won't email again."
44,Epiphany Boutique,Owner (not named),support@epiphanyboutique.com,"Dallas, TX",2,Yes,"Dallas boutique: bridal collection, fall collection, still showing a 'Summer Sale' banner. Free shipping over $200.",Store not refreshed for the season; bridal collection is a high-value angle not pushed.,Summer sale banner still up + bridal collection,Teardown flagging the stale banner + 3 bridal and holiday ads,Shopify leak fix + Meta ads for bridal and holiday,your summer sale banner,"Hi there,

Quick one: the Epiphany site still shows the Summer Sale banner while the Fall collection is live underneath it.

You also have an All Things Bridal collection, and engagement season peaks over the holidays.

I'd like to send you a free 5 minute video with the fixes I'd make and 3 ad ideas for holiday and bridal shoppers. Free, no call needed.

Want it?

Zunaira
Quixify Media | zunaira@quixifymedia.com

P.S. Not relevant? Reply 'no' and I won't email again."
45,Bollywood by Dolly (listed as Rose Boutique),Dolly (likely owner),bollywoodbydolly@gmail.com,"Houston, TX",2,Yes,"Indian designer wear (gowns, churidar). Some products show $0.00 price. Listing name differs from site.","Product pages have errors ($0.00 prices) that kill trust, right as Diwali and wedding season run.",Products showing $0.00,Teardown flagging pricing errors + 3 festive and wedding ads,"Shopify leak fix first, then Meta ads",a $0.00 price on your site,"Hi Dolly,

Heads up: some products on bollywoodbydolly.com show a $0.00 price, like the Designer Black Gown. That can make shoppers leave.

With wedding and festive season on, it's worth fixing fast.

I'd like to send you a free 5 minute video showing that and 2 other quick fixes, plus 3 ad ideas for Houston's wedding season. Yours to keep, no call needed.

Want it?

Zunaira
Quixify Media | zunaira@quixifymedia.com

P.S. Not relevant? Reply 'no' and I won't email again."
46,Wish,Owner (not named),press@wishatl.com,"Atlanta, GA",2,Yes (press inbox),Atlanta sneaker and streetwear store. Fall/Winter 2026 collection. Only a press email found.,Streetwear drops compete with big online retailers; local loyalty not leveraged.,Fall/Winter 2026 collection,Teardown + 3 ads for drops and local Atlanta fans,Meta ads around drops + email capture,your FW26 drop,"Hi there,

Saw the Fall/Winter 2026 collection on the Wish site. Strong lineup.

With streetwear, the big online stores win most holiday traffic unless the local shop builds its own drop audience.

I'd like to send you a free 5 minute video with 3 ad ideas to grow your drop list in Atlanta before the holidays. No call needed. (Happy to send it to whoever handles marketing.)

Want it?

Zunaira
Quixify Media | zunaira@quixifymedia.com

P.S. Not relevant? Reply 'no' and I won't email again."
47,Barf Boutique,Owner (not named),sales@barfboutique.com,"Seattle, WA",2,Yes,"Online-only novelty barf bags since 2010, 115+ designs by artist Kelli Lee. Collections for travel, pregnancy, gag gifts.",Clear gift product with no ad engine; Secret Santa and white elephant season is a perfect fit.,"115+ designs, gag gift angle",Teardown + 3 white elephant / Secret Santa ad ideas,Meta ads for gag gifts + gift bundles,the perfect white elephant gift,"Hi there,

115+ barf bag designs since 2010 is a niche I didn't know existed, and it's a brilliant gag gift.

December is white elephant and Secret Santa season. People are actively looking for funny gifts under $20, and most of them have never heard of you.

I'd like to send you a free 5 minute video with 3 ad ideas aimed at exactly those buyers. No call needed.

Want it?

Zunaira
Quixify Media | zunaira@quixifymedia.com

P.S. Not relevant? Reply 'no' and I won't email again."
48,Hudson Grace (Palo Alto),Store team,paloalto@hudsongracesf.com,"Palo Alto, CA",1,"No (chain, store inbox)",Multi-location home decor chain; marketing handled centrally. Store-level email.,Not the decision-maker; chain has central marketing.,Palo Alto store,Teardown for the store's local holiday traffic,Local store-visit ads (only if HQ allows),Palo Alto store holiday traffic,"Hi there,

I work with retail stores on local holiday ads that bring people into a specific location.

I know Hudson Grace handles marketing centrally, so this may not be your call. If it is useful, I'd be glad to send a free 5 minute video with 3 local ad ideas for the Palo Alto store that you could pass to the right person.

Worth sending?

Zunaira
Quixify Media | zunaira@quixifymedia.com

P.S. Not relevant? Reply 'no' and I won't email again."
49,LoveShackFancy (Greenwich),Store team,greenwich@loveshackfancy.com,"Greenwich, CT",1,No (national brand),"National fashion brand, many stores, central marketing.",Store team can't buy agency services.,Greenwich store,Teardown for local store traffic,Local store-visit ads (only if HQ allows),Greenwich store holiday traffic,"Hi there,

I help retail stores bring in more local shoppers with Instagram ads during the holidays.

I know LoveShackFancy's marketing is run centrally. If there's a store or regional lead who looks at local traffic, I'd be glad to send a free 5 minute video with 3 ideas for the Greenwich store.

Who would be best to send it to?

Zunaira
Quixify Media | zunaira@quixifymedia.com

P.S. Not relevant? Reply 'no' and I won't email again."
50,Hudson Grace (Greenwich),Store team,greenwich@hudsongracesf.com,"Greenwich, CT",1,"No (chain, duplicate brand)",Same chain as row 48. Send only one Hudson Grace email.,Not the decision-maker.,Greenwich Ave store,Teardown for local store traffic,Local store-visit ads (only if HQ allows),Greenwich Ave holiday traffic,"Hi there,

I work with retailers on local holiday ads that drive people into a specific store, like yours on Greenwich Ave.

If local marketing is decided centrally, could you point me to the right person? I'd be glad to send them a free 5 minute video with 3 ideas for the Greenwich store.

Thanks either way.

Zunaira
Quixify Media | zunaira@quixifymedia.com

P.S. Not relevant? Reply 'no' and I won't email again."
51,Aspen Carpet and Floors,Allen,allen@aspencarpetandfloors.com,"Aspen, CO",1,"Yes (adapted, not retail)","Flooring, tile, custom STARK rugs in the Roaring Fork Valley, 15+ years. Works with designers and contractors.","High-value projects; needs qualified homeowner and designer leads, not online sales.",Only STARK Premier Partner on the Western Slope,Teardown + 3 lead ads for custom rug and flooring consults,Meta lead ads for consults (not Shopify),STARK rug consults,"Hi Allen,

Being the only STARK Premier Partner on the Western Slope is a strong position, and custom rugs are a great reason for homeowners to reach out.

Most flooring companies rely on designers and referrals, which caps how many projects come in.

I'd like to send you a free 5 minute video with 3 ad ideas that bring custom rug and flooring consults directly from homeowners in the valley. No call needed.

Want it?

Zunaira
Quixify Media | zunaira@quixifymedia.com

P.S. Not relevant? Reply 'no' and I won't email again."
52,Trina Turk (LA boutique),Store team,palmsprings@trinaturk.com,"Los Angeles, CA",1,"No (designer brand, wrong store inbox)","Designer brand with multiple stores, central marketing. Email found is the Palm Springs store, not LA.",Not the decision-maker; email doesn't match the LA store.,Holiday Preview collection,n/a,n/a,Trina Turk store traffic,"Hi there,

I help retail stores bring in more local shoppers with Instagram ads during the holidays.

This address was listed for your boutique, but I know Trina Turk's marketing is likely run centrally. If there's someone who looks after store traffic, I'd be glad to send them a free 5 minute video with 3 ideas.

Who's best to send it to?

Zunaira
Quixify Media | zunaira@quixifymedia.com

P.S. Not relevant? Reply 'no' and I won't email again."
53,This Or Die Salon,"Owner (not named, woman owned)",info@thisordiesalon.com,"Los Angeles, CA",1,"Yes (adapted, salon)","Atwater Village hair salon since 2008, woman owned. Online booking.",Holiday appointments fill late; new-client flow depends on referrals.,Atwater Village since 2008,Teardown of booking flow + 3 ads for holiday appointments,Meta ads for bookings (not Shopify),holiday hair appointments,"Hi there,

This Or Die has been in Atwater Village since 2008, which says a lot about how good the work is.

Holiday parties mean people book hair late and fast, and most salons rely on regulars and referrals to fill the gaps.

I'd like to send you a free 5 minute video with 3 ad ideas to fill holiday appointments with new clients, plus quick fixes to your booking page. No call needed.

Want it?

Zunaira
Quixify Media | zunaira@quixifymedia.com

P.S. Not relevant? Reply 'no' and I won't email again."
54,Forty-Five Ten,Help inbox,help@fortyfiveten.com,"Dallas, TX",1,No (large luxury retailer),Large luxury retailer with in-house marketing. Customer help inbox.,Not reachable via help inbox; has a full in-house team.,n/a,n/a,n/a,local styling appointments,"Hi there,

I help luxury retailers drive more in-store styling appointments with local Instagram ads.

I realise this is your help inbox, so could you forward this to whoever runs marketing? I'd be glad to send them a free 5 minute video with 3 ideas for the Dallas store.

Thank you.

Zunaira
Quixify Media | zunaira@quixifymedia.com

P.S. Not relevant? Reply 'no' and I won't email again."
55,The Impeccable Pig,Corporate inbox,pig@theimpeccablepig.com,"Dallas, TX",1,No (franchise brand HQ),"Multi-location franchise brand. Named staff emails (mary@, cameron@) with unknown roles.","Brand HQ, not a single owner-run shop.",n/a,Franchise-level local ads idea,Local ads for franchise owners,local ads for your franchise owners,"Hi there,

I work with boutique franchise brands on local Instagram ads that each location can run for the holidays.

With so many Impeccable Pig stores, a simple local ad kit can help every owner get more foot traffic in December.

If that's useful, I'd be glad to send a free 5 minute video showing what it would look like. Who's the best person for it?

Zunaira
Quixify Media | zunaira@quixifymedia.com

P.S. Not relevant? Reply 'no' and I won't email again."
56,Scout & Molly's West U,Corporate inbox,customer@scoutandmollys.com,"Houston, TX",1,No (corporate inbox),"Franchise boutique; the email is corporate customer service, not the West U owner.",Wrong inbox: West U franchise owner not identified.,n/a,Local ad kit for the West U store,Local Meta ads for the franchise owner,the West U store owner,"Hi there,

I help boutique franchise owners bring in more local shoppers with Instagram ads during the holidays.

Could you pass this to the owner of the West U store in Houston? I'd be glad to send them a free 5 minute video with 3 local ad ideas.

Thanks so much.

Zunaira
Quixify Media | zunaira@quixifymedia.com

P.S. Not relevant? Reply 'no' and I won't email again."
57,Shape Method Pilates,Owner (not named),info@shapemethodpilates.com,"Austin, TX",1,"Yes (adapted, studio)","Austin private and semi-private Pilates studio, rehab and athletes focus.",New year is the peak for new members; premium private sessions need qualified leads.,Private sessions for rehab and athletes,Teardown + 3 New Year lead ads for private sessions,Meta lead ads (not Shopify),New Year private sessions,"Hi there,

Shape Method's focus on private sessions for rehab and athletes is a clear niche in Austin.

January is when people commit to new routines, and premium studios that start ads in December catch them first.

I'd like to send you a free 5 minute video with 3 New Year ad ideas for private sessions, plus quick fixes to your contact page. No call needed.

Want it?

Zunaira
Quixify Media | zunaira@quixifymedia.com

P.S. Not relevant? Reply 'no' and I won't email again."
58,Raven + Lily,Info inbox,info@ravenandlily.com,"Austin, TX",1,No (established brand),Ethical brand with stores and wholesale; several department inboxes; in-house marketing likely.,Not an owner-run small shop.,Austin City Limits collection,n/a,n/a,your Austin City Limits collection,"Hi there,

Saw the Austin City Limits collection. Lovely tie-in with the city.

I help retailers with local holiday ads that drive in-store visits. If there's someone who looks after the Austin store's traffic, I'd be glad to send them a free 5 minute video with 3 ideas.

Who's the best person?

Zunaira
Quixify Media | zunaira@quixifymedia.com

P.S. Not relevant? Reply 'no' and I won't email again."
59,Boutique Bites,Owner (not named),info@boutiquebites.com,"Chicago, IL",1,"Yes (adapted, cafe/events)","Former catering company, now a cafe and private event space in Winnetka. Founder is the executive chef. Supports local charities.",New venue needs holiday party bookings.,New cafe and private event space in Winnetka,Teardown + 3 ads for holiday party bookings,Meta ads for event bookings (not Shopify),holiday parties in Winnetka,"Hi there,

Saw that Boutique Bites moved from offsite catering to a cafe and private event space in Winnetka. Congrats on the new space.

Holiday party season is the best time to fill a venue, and most people book in the next few weeks.

I'd like to send you a free 5 minute video with 3 ad ideas to fill your private event calendar for December. No call needed.

Want it?

Zunaira
Quixify Media | zunaira@quixifymedia.com

P.S. Not relevant? Reply 'no' and I won't email again."
60,United Nations Association Gift Shop,Volunteers,una.midpeninsula@gmail.com,"Palo Alto, CA",0,No (nonprofit),"Nonprofit UN Association chapter gift shop, 40+ years, fair-trade goods, run by volunteers.",Nonprofit with no marketing budget.,40 years of fair-trade gifts,Free tips only (no paid offer),n/a,fair-trade holiday gifts,"Hi there,

The UNA gift shop has been a Palo Alto treasure for over 40 years. Fair-trade gifts are exactly what a lot of people want to give this year.

I do marketing for small shops. If it would help, I'm happy to send a free 5 minute video with 3 simple, low-cost ways to get more holiday shoppers through the door. No strings at all.

Would that be useful?

Zunaira
Quixify Media | zunaira@quixifymedia.com

P.S. Not relevant? Reply 'no' and I won't email again."
61,J.McLaughlin (Naples),Customer service,customerservice@jmclaughlin.com,"Naples, FL",0,No (national chain),National apparel chain. Customer service inbox.,Wrong fit and wrong inbox.,n/a,n/a,n/a,local store traffic in Naples,"Hi there,

I help retail stores bring in more local shoppers with Instagram ads during the holidays.

I know marketing at J.McLaughlin is handled centrally. If there's someone who looks after store traffic, could you forward this? I'd be glad to send a free 5 minute video with 3 ideas for the Naples store.

Thank you.

Zunaira
Quixify Media | zunaira@quixifymedia.com

P.S. Not relevant? Reply 'no' and I won't email again."
62,UNTUCKit (San Francisco),Questions inbox,questions@untuckit.com,"San Francisco, CA",0,No (national chain),"National chain, central marketing, generic questions inbox.",Wrong fit and wrong inbox.,n/a,n/a,n/a,local store traffic in SF,"Hi there,

I help retailers drive more visits to specific stores with local holiday ads.

This is probably the wrong inbox for it, but if you could forward this to whoever looks after store marketing, I'd be glad to send them a free 5 minute video with 3 ideas for the San Francisco store.

Thanks either way.

Zunaira
Quixify Media | zunaira@quixifymedia.com

P.S. Not relevant? Reply 'no' and I won't email again."
63,Dolce & Gabbana USA,Sustainability inbox,sustainability@dolcegabbana.com,"New York, NY",0,No (global brand),Global luxury house; the only email found is the sustainability team.,Not a prospect for a small agency.,n/a,n/a,n/a,a note for your marketing team,"Hi there,

I realise this is your sustainability inbox, so apologies for the detour.

I work on local store-traffic campaigns for retailers. If there's a US retail marketing contact you can share, I'd be grateful. If not, no problem at all.

Zunaira
Quixify Media | zunaira@quixifymedia.com

P.S. Not relevant? Reply 'no' and I won't email again."
64,Westfield UTC,Mall management,utc@urw.com,"San Diego, CA",0,No (shopping mall),Shopping mall run by Unibail-Rodamco-Westfield. Not a retailer.,"Mall management, not a buyer of boutique marketing.",n/a,Partnership angle: ads for the mall's independent tenants,n/a,holiday traffic for your independent tenants,"Hi there,

I help independent retailers drive holiday foot traffic with local Instagram ads.

If Westfield UTC ever runs marketing support for its smaller tenants, I'd love to talk about a simple holiday ad package they could use. Could you point me to the right person?

Thank you.

Zunaira
Quixify Media | zunaira@quixifymedia.com

P.S. Not relevant? Reply 'no' and I won't email again."
