company,owner,owner_title,email,owner_linkedin,company_linkedin,phone,website,location,fit_score,notes,source
Eyes Open Optical Boutique,,,,,,+12125680707,http://eyesopenopticalboutique.localsearch.com,"New York, NY",,,yellowpages
Neuman's Optical Boutique LTD,,,,,,+12124733968,http://neumansoptical.com,"New York, NY",,,yellowpages
A & B Optical Boutique Inc,,,,,,+17183315313,http://abopticalboutiqueinc.localsearch.com,"New York, NY",,,yellowpages
Marsh Optical Boutique Inc,,,,,,+17183805396,https://www.marshoptical.com,"New York, NY",,,yellowpages
TUMI Store - The Shops at Columbus Circle,,,,,,+12128239390,https://www.tumi.com/store/0000001222?y_source=1_MTA5MzE5MzUtNTUzLWxvY2F0aW9uLndlYnNpdGU%3D,"New York, NY",,,yellowpages
General Vision Services,,,,,,+19178012400,http://www.generalvision.com,"New York, NY",,,yellowpages
Eye to Eye Vision Center Inc,,,,,,+12123491313,http://www.eyetoeyevisioncenters.com,"New York, NY",,,yellowpages
86 Optical,,,,,,+16464765210,http://86optical.localsearch.com,"New York, NY",,,yellowpages
Specs for Less,,,,,,+12128313162,http://specsforlessny.localsearch.com,"New York, NY",,,yellowpages
Pildes Optical,,,,,,+12128772980,http://pildesopticalnyc.com,"New York, NY",,,yellowpages
Golden Pear Funding,,,,,,+12122448200,http://www.gpmerchantcapital.com,"New York, NY",,,yellowpages
Plaza Optical Center,,,,,,+17183844700,https://plazaopticalcenter.com,"New York, NY",,,yellowpages
Insight Optical,,,,,,+17185963740,http://insightoptical.us,"New York, NY",,,yellowpages
"Aden & Anais, Inc",,,,,,+17188018361,https://www.halosleep.com/pages/aden-and-anais,"New York, NY",,,yellowpages
Optical,,,,,,+12129967676,http://optical13480297.localsearch.com,"New York, NY",,,yellowpages
Sterling Optical,,,,,,+12128655551,http://sterlingoptical.com,"New York, NY",,,yellowpages
Silver Lining Opticians,,,,,,+12123753500,https://www.silverliningopticians.com,"New York, NY",,,yellowpages
Successful Vision,,,,,,+16468692879,https://svbshop.com,"New York, NY",,,yellowpages
CPS Optical,,,,,,+12126755745,https://www.cpsoptical.com,"New York, NY",,,yellowpages
Vistasite Bronx,,,,,,+17185851500,https://www.vistasiteeyecare.com/contents/locations/bronx-2882-3rd-ave,"New York, NY",,,yellowpages
The Children's Eyeglass Store,,,,,,+12129823762,https://www.thechildrenseyeglassstore.com,"New York, NY",,,yellowpages
Eyely,,,,,,+19172614961,http://eyely.localsearch.com,"New York, NY",,,yellowpages
Optical Insights,,,,,,+16464142020,http://opticalinsightsny.localsearch.com,"New York, NY",,,yellowpages
Optyx,,,,,,+12126883580,http://www.optyx.com,"New York, NY",,,yellowpages
Paris Stations,,,,,,+12122748118,http://parisstations.com,"New York, NY",,,yellowpages
Vint & York,,,,,,+12122268484,https://www.vintandyork.com,"New York, NY",,,yellowpages
Surreal Eyewear Inc,,,,,,+12124140900,http://surrealeyewear.com,"New York, NY",,,yellowpages
Hmy Vision,,,,,,+12129824469,http://www.hmyvision.com,"New York, NY",,,yellowpages
Eye US,,,,,,+12128074186,,"New York, NY",,,yellowpages
Grand Central Optical,,,,,,+12125991221,https://grandcentraloptical.com/contact-us,"New York, NY",,,yellowpages
Gucci Kering Eyewear USA,,,,,,+12123022920,https://www.keringeyewear.com,"New York, NY",,,yellowpages
Opr Eyewear Inc,,,,,,+19178267475,https://www.opreyewear.com,"New York, NY",,,yellowpages
Celeste Optical,,,,,,+12129962676,,"New York, NY",,,yellowpages
Glasse Etc Com,,,,,,+12125354022,http://www.glassesetc.com,"New York, NY",,,yellowpages
Oculus 20/20,,,,,,+17185546230,http://www.oculus2020.com,"New York, NY",,,yellowpages
Oculus Medical Eye Care,,,,,,+16465598808,http://oculusmedicaleyecareny.localsearch.com,"New York, NY",,,yellowpages
Windsor Optical,,,,,,+12126965990,,"New York, NY",,,yellowpages
